<?xml version="1.0" encoding="UTF-8"?>
<beans xmlns="http://www.springframework.org/schema/beans"
	xmlns:xsi="http://www.w3.org/2001/XMLSchema-instance"
	xmlns:mybatis-spring="http://mybatis.org/schema/mybatis-spring"
	xmlns:context="http://www.springframework.org/schema/context"
	xsi:schemaLocation="http://mybatis.org/schema/mybatis-spring http://mybatis.org/schema/mybatis-spring-1.2.xsd
		http://www.springframework.org/schema/beans https://www.springframework.org/schema/beans/spring-beans.xsd
		http://www.springframework.org/schema/context http://www.springframework.org/schema/context/spring-context-4.3.xsd">
	
	<!-- Root Context: defines shared resources visible to all other web components -->
	<!-- DBCP(DB Connection pool) -->
	<bean id="hikariConfig" class="com.zaxxer.hikari.HikariConfig">
		<property name="driverClassName" value="com.mysql.jdbc.Driver"></property>
		<property name="jdbcUrl" value="jdbc:mysql://localhost:3306/erp?serverTimezone=Asia/Seoul"></property>
		<property name="username" value="root"></property>
		<property name="password" value="1234"></property>
	</bean>	
	<bean id="dataSource" class="com.zaxxer.hikari.HikariDataSource" destroy-method="close">
		<constructor-arg ref="hikariConfig" />
	</bean>
	<!-- MyBatis 관련 설정 SessionFactory -->
	<bean id="sqlSessionFactory" class="org.mybatis.spring.SqlSessionFactoryBean">
		<property name="dataSource" ref="dataSource"></property>
	</bean>
	<!-- MyBatis가 있는 패키지를 가르켜준다. -->
	<mybatis-spring:scan base-package="org.erp.mapper"/>
	<context:component-scan base-package="org.erp.service" />
	
	
	<!-- mail 관련 -->
	<!-- daum mail설정 -->
	<bean id="mailSender" class="org.springframework.mail.javamail.JavaMailSenderImpl"> 
 		<property name="host" value="smtp.daum.net"/> <!-- 메일서버 호스트 -->
 		<property name="port" value="465"/> <!-- 메일서버 포트번호 -->
 		<property name="username" value="lnwst21"/> <!-- 자신의 이메일 아이디 -->
 		<property name="password" value="lsangh21"/> <!-- 자신의 비밀번호 -->
   <!-- 보안연결 SSL과 관련된 설정 -->
 		<property name="javaMailProperties">
			<props>
 	 			<prop key="mail.smtp.auth">true</prop>
  				<prop key="mail.smtp.starttls.enable">true</prop>
  				<prop key="mail.smtps.checkserveridentity">true</prop>
  				<prop key="mail.smtps.ssl.trust">*</prop>
	  			<prop key="mail.debug">true</prop>
	  			<prop key="mail.smtp.ssl.enable">true</prop> 
  				<prop key="mail.smtp.socketFactory.class">javax.net.ssl.SSLSocketFactory</prop>
  				<prop key="mail.smtp.ssl.protocols">TLSv1.2</prop>
 			</props>
 		</property>
	</bean>
	
	
	
</beans>